GPU,Model,Precision,Time_s,Tokens_per_s,Sample_Output_Text,Source
RTX4070,GPT-2,FP16,23.21,11.03,"In the future, quantization for large language models will be a major focus of the future. The goal of this paper is to provide a framework for the development of a language model that can be used to model large-scale language models.",Appendix A
RTX4070,GPT-2,INT8,17.37,14.74,"In the future, quantization for large language models will!!!!!!!!!!!!!!!!!!!!!!!!!!!!!!!!!!!!!!!!!!!!!!!!!!!!!!!!!!!!!!!!!!!!!!!!!!!!!!!!!!!!!!!!!!!!!!!!!!!!!!!!!!!!!!!!",Appendix A
RTX4080,GPT-2,FP16,1.10,231.73,"In the future, quantization for large language models will be a major focus of the future. The goal of this paper is to provide a framework for the development of a language model that can be used to model large-scale language models.",Appendix A
RTX4080,GPT-2,INT8,2.01,127.36,"In the future, quantization for large language models will be a major focus of the research. The goal of this paper is to provide a framework for the development of a language model that can be used to predict the future behavior of large language models.",Appendix A
RTX4070,LLaMA-2-7B-Chat,FP16,1244.29,0.21,"In the future, quantization for large language models will be a crucial tool for reducing the computational requirements of these models, enabling them to be deployed on a wider range of hardware platforms.",Appendix A
RTX4070,LLaMA-2-7B-Chat,INT8,18.63,13.74,"In the future, quantization for large language models will be even more important. Quantization is a technique for reducing the precision of a model's weights and activations from floating-point numbers to integers.",Appendix A
RTX4080,LLaMA-2-7B-Chat,FP16,50.04,5.12,"In the future, quantization for large language models will be crucial for a number of reasons. 1. Efficient deployment: Large language models require a significant amount of computational resources to train and run.",Appendix A
RTX4080,LLaMA-2-7B-Chat,INT8,26.64,9.61,"In the future, quantization for large language models will be a critical component of scaling up these models to larger sizes. Strategies include: 1. Quantization-aware training. 2. Quantization-aware pruning.",Appendix A
RTX4070,Qwen1.5-1.8B-Chat,FP16,12.66,20.22,"In the future, quantization for large language models will become a common technique in order to reduce the size of the model and improve training efficiency.",Appendix A
RTX4070,Qwen1.5-1.8B-Chat,INT8,11.78,21.73,"In the future, quantization for large language models will play a crucial role in improving performance and reducing model size. Techniques such as nearest-neighbor interpolation and QAT will be central.",Appendix A
RTX4080,Qwen1.5-1.8B-Chat,FP16,13.61,18.81,"In the future, quantization for large language models will become more prevalent. Current implementations have limitations in scalability and interpretability. QNN architectures may offer solutions.",Appendix A
RTX4080,Qwen1.5-1.8B-Chat,INT8,11.08,23.10,"In the future, quantization for large language models will become a more prominent aspect of AI research. This involves reducing neural network size using mathematical operations such as element-wise multiplication.",Appendix A
